{"loss": [1.6950498819351196, 0.3782835304737091], "accuracy": [0.5471938848495483, 0.9805484414100647]}